time,mass
-0.12,24.206509833002592
-0.1,24.206509833002592
-0.08,24.206509833002592
-0.06,24.206509833002592
-0.04,24.206509833002592
-0.02,24.206509833002592
0.0,24.206509833002592
0.02,24.2037352106887
0.04,24.18901590467363
0.06,24.164517016144156
0.08,24.138042198844825
0.1,24.110397546016845
0.12,24.081681644787615
0.14,24.0524255794079
0.16,24.02295651274769
0.18,23.993187114999053
0.2,23.96305502428459
0.22,23.93274150894154
0.24,23.90229859539192
0.26,23.871638293666518
0.28,23.840787189132012
0.3,23.809697828744856
0.32,23.778442758212158
0.34,23.74694380458104
0.36,23.715313138625355
0.38,23.68354492589527
0.4,23.65163743450662
0.42,23.619562916808203
0.44,23.587279143476287
0.46,23.554906824622265
0.48,23.522486838609773
0.5,23.48999236799845
0.52,23.457423463236296
0.54,23.424814073527052
0.56,23.392131524743636
0.58,23.359414435655346
0.6,23.32660519024256
0.62,23.293688892852185
0.64,23.260727604140126
0.66,23.227875796924504
0.68,23.195049630872845
0.7,23.162206732058205
0.72,23.129338796036766
0.74,23.096516115800174
0.76,23.063679687178677
0.78,23.03082701875895
0.8,22.99797518961005
0.82,22.965175366340784
0.84,22.93240046712466
0.86,22.899616649396638
0.88,22.866830007766797
0.9,22.83402598182665
0.92,22.801213464326832
0.94,22.768409920789363
0.96,22.735588081888473
0.98,22.70279258268751
1.0,22.669984403793546
1.02,22.63716662019444
1.04,22.604337940972595
1.06,22.571480661289872
1.08,22.538631938620096
1.1,22.505784913747064
1.12,22.472913434968724
1.14,22.440013097364403
1.16,22.407090563843948
1.18,22.37416989907799
1.2,22.341224227300376
1.22,22.30826246183398
1.24,22.27527249051346
1.26,22.24225991271566
1.28,22.209218118542005
1.3,22.176144526873806
1.32,22.1430411724029
1.34,22.109910649377618
1.36,22.076718546701265
1.38,22.04347361586856
1.4,22.010133262976847
1.42,21.976745486116286
1.44,21.94331733223385
1.46,21.909829473374092
1.48,21.876298147042775
1.5,21.842737592717338
1.52,21.80914255408669
1.54,21.77554487513527
1.56,21.741945283293724
1.58,21.70834043472779
1.6,21.67473791410405
1.62,21.64112626941373
1.64,21.607514178613755
1.66,21.573910630749655
1.68,21.54031711549763
1.7,21.506722809190617
1.72,21.473139357363262
1.74,21.439553598593903
1.76,21.405972615336303
1.78,21.372404626856742
1.8,21.33883988157439
1.82,21.305288118316184
1.84,21.271765396697152
1.86,21.238312189604425
1.88,21.204913487089264
1.9,21.171610225647306
1.92,21.138385033778157
1.94,21.105265010555993
1.96,21.0722594255195
1.98,21.039391392512467
2.0,21.006672806138035
2.02,20.97407299851841
2.04,20.941655787115796
2.06,20.909397877997574
2.08,20.87732985381271
2.1,20.845498785783114
2.12,20.813932698506118
2.14,20.78267059330292
2.16,20.751757616414018
2.18,20.721183358312185
2.2,20.6909725892862
2.22,20.66108692348209
2.24,20.63155790594276
2.26,20.60240220482646
2.28,20.573606112068035
2.3,20.54515613611672
2.32,20.517117096395637
2.34,20.489517382299614
2.36,20.462368418444942
2.38,20.435595857856356
2.4,20.409050760103074
2.42,20.382813240503584
2.44,20.35619821569141
2.46,20.331444557932684
2.48,20.30890693489169
2.5,20.28764815015366
2.52,20.266973807507107
2.54,20.24674865109106
2.56,20.22690611656154
2.58,20.207393230558715
2.6,20.188204182015316
2.62,20.169312284250623
2.64,20.15075517240031
2.66,20.132526421943016
2.68,20.114540251075628
2.7,20.09691360049288
2.72,20.079580124584158
2.74,20.062565197012827
2.76,20.045910455110686
2.78,20.029642818590727
2.8,20.013750441005868
2.82,19.998237283354644
2.84,19.98316851878457
2.86,19.96857430103231
2.88,19.954495101417823
2.9,19.940951103703053
2.92,19.927990545111676
2.94,19.915663551773935
2.96,19.90401640524048
2.98,19.893057835563077
3.0,19.88278954982142
3.02,19.87323756031915
3.04,19.864408812117368
3.06,19.856316262162238
3.08,19.848953323640675
3.1,19.84232447080773
