date,wind_speed_10m,wind_speed_100m,wind_speed_925hPa,wind_speed_850hPa,wind_speed_700hPa,wind_direction_10m,wind_direction_100m,wind_direction_925hPa,wind_direction_850hPa,wind_direction_700hPa
2026-06-18 00:00:00-05:00,6.5030756,10.523307,6.384377,14.649677,4.4193125,268.23764,273.814,265.9859,282.4751,290.55612
2026-06-18 01:00:00-05:00,8.646965,13.951702,8.750107,20.159594,3.34767,264.02576,265.06592,264.8719,277.21417,281.88864
2026-06-18 02:00:00-05:00,9.27793,14.996666,9.520837,22.216902,2.5103827,262.5687,263.49115,265.96237,277.52982,254.05453
2026-06-18 03:00:00-05:00,9.17878,14.676852,9.614782,22.329128,2.966319,262.48795,264.13412,268.00217,279.46225,215.53777
2026-06-18 04:00:00-05:00,8.881441,14.159802,9.386139,22.069284,3.8165417,262.23492,264.7324,269.31796,281.24545,198.43504
2026-06-18 05:00:00-05:00,8.459312,13.644412,8.827521,21.40476,4.5256567,263.21112,265.37595,269.27478,282.63904,197.74477
2026-06-18 06:00:00-05:00,7.7317524,12.924781,8.047795,20.23179,4.8674455,264.80566,266.4514,268.4089,284.12323,202.93213
2026-06-18 07:00:00-05:00,7.5166483,12.414508,7.605155,19.129007,4.642383,266.186,267.22986,267.47394,284.95587,211.32863
2026-06-18 08:00:00-05:00,8.130191,12.432618,7.952606,18.45238,3.4482756,265.06088,265.8488,265.9718,284.70358,233.13002
2026-06-18 09:00:00-05:00,9.066973,12.567418,8.63883,17.867842,2.9512486,263.03183,264.06268,264.80566,283.9378,276.70975
2026-06-18 10:00:00-05:00,9.552486,12.457928,8.963652,16.79399,3.5876982,263.9911,264.47256,265.71094,283.51254,305.21768
2026-06-18 11:00:00-05:00,9.3,11.799999,8.609879,14.4907675,3.3119607,270.0,270.0,272.23114,284.15765,308.65982
2026-06-18 12:00:00-05:00,8.811923,11.016805,8.08571,11.73671,2.2480006,279.14157,278.35065,281.15463,286.285,302.47116
2026-06-18 13:00:00-05:00,8.17435,10.1138525,7.4593024,9.337105,1.9276447,284.88632,284.31107,286.5349,285.73206,280.30478
2026-06-18 14:00:00-05:00,7.0611615,8.6884985,6.5760617,7.805109,2.931034,282.26477,281.95654,279.78235,278.39285,270.0
2026-06-18 15:00:00-05:00,5.8034477,6.906519,5.8486037,6.8646817,4.3137913,271.97488,272.4895,263.41815,264.71002,267.70944
2026-06-18 16:00:00-05:00,4.707441,5.5108986,5.311671,6.2846537,5.183895,257.73523,258.4862,247.75093,251.20001,266.186
2026-06-18 17:00:00-05:00,4.022437,4.743417,4.7152953,5.558101,5.0118766,235.1246,235.30478,233.67308,239.9315,266.0549
2026-06-18 18:00:00-05:00,3.9357338,4.750789,4.135587,4.8466306,4.137931,207.21602,210.34317,218.41809,229.23648,270.0
2026-06-18 19:00:00-05:00,3.5693133,4.1484933,3.299401,3.5802872,3.4525836,191.30989,195.37631,208.30066,224.9999,272.86234
2026-06-18 20:00:00-05:00,1.2041596,0.63245547,1.5197172,1.5242524,2.9512486,175.23645,161.56496,216.02747,274.76355,276.70975
2026-06-18 21:00:00-05:00,2.2803507,4.554119,1.3077875,3.974764,2.300287,15.255177,19.23077,340.0168,350.8377,282.99463
2026-06-18 22:00:00-05:00,4.455334,7.833901,2.8133354,6.334175,2.0180514,9.039405,14.036275,353.15732,2.2905633,289.9832
2026-06-18 23:00:00-05:00,4.00125,7.3552704,2.6558354,6.262945,2.1045783,358.56793,7.0283103,345.3791,14.036275,304.9921
2026-06-19 00:00:00-05:00,2.7459059,5.2773094,1.8188626,5.4075975,2.563115,326.88864,350.18076,317.4896,32.57405,317.72638
2026-06-19 01:00:00-05:00,2.4596746,4.248529,1.6497005,4.923709,2.8277965,296.56497,333.43503,298.30066,46.041542,322.43134
2026-06-19 02:00:00-05:00,1.9999999,4.1231055,1.8595883,4.5867515,2.4504604,306.86996,345.9637,327.26477,39.400646,320.7106
2026-06-19 03:00:00-05:00,1.9416487,4.949747,2.8133354,4.283272,1.9506391,348.11136,8.130019,353.15732,18.970512,315.0001
2026-06-19 04:00:00-05:00,2.308679,5.481788,3.5771637,4.3056583,1.4831595,4.969664,14.796817,358.21014,358.31534,305.53775
2026-06-19 05:00:00-05:00,2.0880613,4.709564,3.1164973,4.132868,1.2432935,343.3007,356.34784,345.4655,332.6502,303.6901
2026-06-19 06:00:00-05:00,2.4413114,4.8270073,2.6908588,4.532282,1.3465947,304.9921,320.0425,318.36655,305.9098,309.8055
2026-06-19 07:00:00-05:00,3.0870697,5.7688823,2.85518,5.2083645,1.4629796,294.90472,303.6901,300.57913,295.94223,315.0001
2026-06-19 08:00:00-05:00,3.255764,5.59017,3.08226,5.3179617,1.8327836,312.5104,312.82523,316.46872,308.23386,318.81415
2026-06-19 09:00:00-05:00,3.8999996,5.3225937,3.8865976,5.731256,2.2079737,337.3801,334.39786,341.56494,329.47037,321.34018
2026-06-19 10:00:00-05:00,4.3931766,5.3150725,4.4271755,6.045546,2.486587,348.17853,348.05585,349.82455,340.4268,326.3099
2026-06-19 11:00:00-05:00,3.7336307,4.4598203,3.780765,5.154246,2.7261014,339.62347,340.3461,341.02948,335.32315,341.56494
2026-06-19 12:00:00-05:00,2.9732137,3.4655447,2.924302,3.8498497,3.108234,312.27362,313.83093,313.4519,316.33215,356.82022
2026-06-19 13:00:00-05:00,2.6570659,3.1016123,2.7208476,3.0589988,3.2803962,289.79895,290.77234,289.1791,294.44394,3.0127327
2026-06-19 14:00:00-05:00,1.9924858,2.308679,2.226241,2.378265,3.1034482,287.52567,287.6502,287.52567,295.20108,360.0
2026-06-19 15:00:00-05:00,1.0630146,1.2041596,1.4308656,1.6111293,2.6765816,311.18582,311.63345,308.65982,315.0001,345.06854
2026-06-19 16:00:00-05:00,0.6708204,0.7211103,0.7900633,1.0126582,2.631782,26.564985,33.6901,351.87,360.0,328.39255
2026-06-19 17:00:00-05:00,1.2041596,1.4,0.90081084,1.0815194,3.2939606,85.23644,90.0,82.875084,69.44387,317.1211
2026-06-19 18:00:00-05:00,2.184033,2.5,2.2623975,2.06061,4.173696,105.945465,106.26028,110.22495,100.619606,308.2902
2026-06-19 19:00:00-05:00,3.231099,3.8078866,3.4492397,3.341868,4.793599,111.801476,113.198616,114.90474,114.62355,307.6943
2026-06-19 20:00:00-05:00,4.5694637,5.727128,4.651319,4.8449764,5.011876,113.198616,114.775116,114.102234,123.27491,310.81497
2026-06-19 21:00:00-05:00,5.9093146,7.782031,5.6044397,6.4841766,4.8765984,113.962494,115.906456,113.49858,128.65984,315.0001
2026-06-19 22:00:00-05:00,6.3976555,8.676981,5.9564695,7.255053,4.793599,114.96276,117.45091,113.198616,132.87889,322.3057
2026-06-19 23:00:00-05:00,5.4120235,7.4625735,4.9478407,6.633201,4.4728007,117.51192,122.412285,115.40768,138.09415,332.44727
